{
  "hash": "9b33294d",
  "configHash": "4cab9250",
  "lockfileHash": "97b24655",
  "browserHash": "eb301e5e",
  "optimized": {
    "@angular/common/http": {
      "src": "../../../../../node_modules/@angular/common/fesm2022/http.mjs",
      "file": "@angular_common_http.js",
      "fileHash": "823d3cfb",
      "needsInterop": false
    },
    "@angular/core": {
      "src": "../../../../../node_modules/@angular/core/fesm2022/core.mjs",
      "file": "@angular_core.js",
      "fileHash": "4532ddc2",
      "needsInterop": false
    },
    "@angular/forms": {
      "src": "../../../../../node_modules/@angular/forms/fesm2022/forms.mjs",
      "file": "@angular_forms.js",
      "fileHash": "474e2fa1",
      "needsInterop": false
    },
    "@angular/platform-browser": {
      "src": "../../../../../node_modules/@angular/platform-browser/fesm2022/platform-browser.mjs",
      "file": "@angular_platform-browser.js",
      "fileHash": "1548f23d",
      "needsInterop": false
    },
    "@angular/router": {
      "src": "../../../../../node_modules/@angular/router/fesm2022/router.mjs",
      "file": "@angular_router.js",
      "fileHash": "f59cf874",
      "needsInterop": false
    }
  },
  "chunks": {
    "chunk-H4MAUL4V": {
      "file": "chunk-H4MAUL4V.js"
    },
    "chunk-UYZRZ2FW": {
      "file": "chunk-UYZRZ2FW.js"
    },
    "chunk-W7YO4EVS": {
      "file": "chunk-W7YO4EVS.js"
    },
    "chunk-IMHRZ32E": {
      "file": "chunk-IMHRZ32E.js"
    }
  }
}